Modelo,Año,Tipo de cobertura,Etiqueta,Precio anual,Precio con descuento,Mensualidad,Mensualidad con descuento
Polo Join Tip 1.6l 4cil,2022,Amplia,Más barato,"$18,429.51","$15,329.22","$1,535.79","$1,277.43"
Polo Join Tip 1.6l 4cil,2022,Amplia,,"$18,922.71","$16,258.31","$1,576.89","$1,354.86"
Polo Join Tip 1.6l 4cil,2022,Amplia,,"$19,586.05","$17,412.52","$1,632.17","$1,451.04"
Polo Join Tip 1.6l 4cil,2022,Amplia,,"$17,610.02",12 MSI con tarjeta de crédito Santander,"$1,467.5",Ver coberturas
Polo Join Tip 1.6l 4cil,2022,Amplia,,"$24,421.4","$19,375.65","$2,035.12","$1,614.64"
Polo Join Tip 1.6l 4cil,2022,Amplia,,"$24,207.82","$21,442.09","$2,017.32","$1,786.84"
Polo Join Tip 1.6l 4cil,2022,Amplia,,"$24,751.49","$23,571.91","$2,062.62","$1,964.33"
Polo Join Tip 1.6l 4cil,2022,Limitada,Más barato,"$9,507.23","$8,255.15",$792.27,$687.93
Polo Join Tip 1.6l 4cil,2022,Limitada,,"$11,206.21","$9,550.58",$933.85,$795.88
Polo Join Tip 1.6l 4cil,2022,Limitada,,"$12,500.28","$10,196.39","$1,041.69",$849.7
Polo Join Tip 1.6l 4cil,2022,Limitada,,"$11,435.66",12 MSI con tarjeta de crédito Santander,$952.97,Ver coberturas
Polo Join Tip 1.6l 4cil,2022,Limitada,,"$12,393.75","$11,832.06","$1,032.81",$986.01
Polo Join Tip 1.6l 4cil,2022,Limitada,,"$13,516.79","$12,033.98","$1,126.4","$1,002.83"
Polo Join Tip 1.6l 4cil,2022,Limitada,,"$14,859.76","$13,253.38","$1,238.31","$1,104.45"
Polo Join Tip 1.6l 4cil,2022,RC,Más barato,"$5,250.77","$4,797.47",$437.56,$399.79
Polo Join Tip 1.6l 4cil,2022,RC,,"$6,236.56","$5,475.08",$519.71,$456.26
Polo Join Tip 1.6l 4cil,2022,RC,,"$5,828.43","$5,595.01",$485.7,$466.25
Polo Join Tip 1.6l 4cil,2022,RC,,"$6,672.1","$6,010.65",$556.01,$500.89
Polo Join Tip 1.6l 4cil,2022,RC,,"$8,534.16","$7,142.48",$711.18,$595.21
Polo Join Tip 1.6l 4cil,2022,RC,,"$9,285.76","$8,014.22",$773.81,$667.85
Polo Join Tip 1.6l 4cil,2022,RC,,"$8,638.05",12 MSI con tarjeta de crédito Santander,$719.84,Ver coberturas
Q2 Sport 35 Tfsi 1.4 Aut,2022,Amplia,Más barato,"$26,118.36",12 MSI con tarjeta de crédito Santander,"$2,176.53",Ver coberturas
Q2 Sport 35 Tfsi 1.4 Aut,2022,Amplia,,"$30,920.58","$28,837.34","$2,576.72","$2,403.11"
Q2 Sport 35 Tfsi 1.4 Aut,2022,Amplia,,"$37,037.84","$32,732.5","$3,086.49","$2,727.71"
Q2 Sport 35 Tfsi 1.4 Aut,2022,Amplia,,"$49,570.59","$38,740.53","$4,130.88","$3,228.38"
Q2 Sport 35 Tfsi 1.4 Aut,2022,Amplia,,"$54,698.93","$40,065.31","$4,558.24","$3,338.78"
Q2 Sport 35 Tfsi 1.4 Aut,2022,Amplia,,"$50,255.68","$44,401.79","$4,187.97","$3,700.15"
Q2 Sport 35 Tfsi 1.4 Aut,2022,Amplia,,"$62,339.51","$53,162.59","$5,194.96","$4,430.22"
Q2 Sport 35 Tfsi 1.4 Aut,2022,Amplia,,"$87,930.76","$70,930.22","$7,327.56","$5,910.85"
Q2 Sport 35 Tfsi 1.4 Aut,2022,Limitada,Más barato,"$9,956.65",12 MSI con tarjeta de crédito Santander,$829.72,Ver coberturas
Q2 Sport 35 Tfsi 1.4 Aut,2022,Limitada,,"$16,160.74","$12,317.81","$1,346.73","$1,026.48"
Q2 Sport 35 Tfsi 1.4 Aut,2022,Limitada,,"$16,119.69","$14,362.12","$1,343.31","$1,196.84"
Q2 Sport 35 Tfsi 1.4 Aut,2022,Limitada,,"$18,592.39","$16,500.5","$1,549.37","$1,375.04"
Q2 Sport 35 Tfsi 1.4 Aut,2022,Limitada,,"$27,479.27","$21,730.22","$2,289.94","$1,810.85"
Q2 Sport 35 Tfsi 1.4 Aut,2022,Limitada,,"$25,333.82","$23,641.65","$2,111.15","$1,970.14"
Q2 Sport 35 Tfsi 1.4 Aut,2022,Limitada,,"$29,934.5","$24,533.2","$2,494.54","$2,044.43"
Q2 Sport 35 Tfsi 1.4 Aut,2022,Limitada,,"$31,040.14","$26,558.12","$2,586.68","$2,213.18"
Q2 Sport 35 Tfsi 1.4 Aut,2022,RC,Más barato,"$6,492.72","$5,852.79",$541.06,$487.73
Q2 Sport 35 Tfsi 1.4 Aut,2022,RC,,"$8,652.2","$6,911.66",$721.02,$575.97
Q2 Sport 35 Tfsi 1.4 Aut,2022,RC,,"$8,673.94","$7,546.85",$722.83,$628.9
Q2 Sport 35 Tfsi 1.4 Aut,2022,RC,,"$8,053.73","$7,571.17",$671.14,$630.93
Q2 Sport 35 Tfsi 1.4 Aut,2022,RC,,"$9,285.76","$8,014.22",$773.81,$667.85
Q2 Sport 35 Tfsi 1.4 Aut,2022,RC,,"$9,347.39","$8,402.49",$778.95,$700.21
Q2 Sport 35 Tfsi 1.4 Aut,2022,RC,,"$8,638.05",12 MSI con tarjeta de crédito Santander,$719.84,Ver coberturas
Q2 Sport 35 Tfsi 1.4 Aut,2022,RC,,"$12,382.61","$10,105.79","$1,031.88",$842.15
